{"cameraMode":{"drawMode":0,"name":"Shaded","section":"Shading Mode"},"sceneLighting":false,"audioPlay":false,"sceneViewState":{"showFog":true,"showMaterialUpdate":false,"showSkybox":true,"showFlares":true,"showImageEffects":true,"showParticleSystems":true},"in2DMode":false,"pivot":{"x":6.324789047241211,"y":-4.208226203918457,"z":0.7208957672119141},"rotation":{"x":0.28902125358581545,"y":-0.08172988146543503,"z":0.024772506207227708,"w":0.9535130262374878},"size":16.16774559020996,"orthographic":false}